0,1,2,3,4,5,6
Naruto,One Piece,Attaque des titans,Bleach,Death Note,DBZ,Hunter x Hunter
Naruto,One Piece,My Hero Academia,Bleach,Death Note,DBZ,One punch Man
Naruto,One Piece,My Hero Academia,Bleach,Death Note,DBZ,One punch Man
Naruto,One Piece,Hunter x hunter,Bleach,Death Note,DBZ,One punch Man
Naruto,One Piece,Hunter x hunter,,,,
Tintin,Titeuf,Obelix,Spirou,Lucky-luck,La Ballade de la mer salee,Pluto
DBZ,One Piece,Hunter x hunter,Bleach,,,
Obelix,Spirou,Lucky-luck,One Piece,,
Obelix,Spirou,Lucky-luck,La Ballade de la mer salee,
Obelix,Spirou,Lucky-luck,Naruto,One Piece,My Hero Academia,DBZ
Obelix,Spirou,Lucky-luck,La Ballade de la mer salee,Pluto,,
Obelix,Spirou,Lucky-luck,Naruto,One Piece,My Hero Academia,DBZ
Tintin,Titeuf,Obelix,Naruto,Lucky-luck,,
Tintin,Titeuf,Obelix,Spirou,,,
Tintin,,,,,,
Obelix,Spirou,Lucky-luck,,,,
Naruto,One Piece,Hunter x hunter,,,,
One Piece,Attaque des titans,Bleach,,,,
One Piece,,,,,,
Obelix,Spirou,Lucky-luck,One Piece,,
Naruto,One Piece,Hunter x hunter,,,,
Naruto,One Piece,Hunter x hunter,Bleach,Death Note,DBZ,One punch Man
Tintin,Titeuf,Obelix,Naruto,Lucky-luck,,
Naruto,One Piece,Obelix,,,,
La Ballade de la mer salee,Pluto,Naruto,One Piece,Hunter x hunter,Obelix,
Naruto,One Piece,Attaque des titans,Bleach,Death Note,DBZ,Hunter x Hunter
Naruto,One Piece,My Hero Academia,Bleach,Death Note,DBZ,One punch Man
Naruto,One Piece,My Hero Academia,Bleach,Death Note,DBZ,One punch Man
Naruto,One Piece,Hunter x hunter,Bleach,Death Note,DBZ,One punch Man
Naruto,One Piece,Hunter x hunter,,,,
Tintin,Titeuf,Obelix,Spirou,Lucky-luck,La Ballade de la mer salee,Pluto
DBZ,One Piece,Hunter x hunter,Bleach,,,
Obelix,Spirou,Lucky-luck,One Piece,,
Obelix,Spirou,Lucky-luck,La Ballade de la mer salee,
Obelix,Spirou,Lucky-luck,Naruto,One Piece,My Hero Academia,DBZ
Obelix,Spirou,Lucky-luck,La Ballade de la mer salee,Pluto,,
Obelix,Spirou,Lucky-luck,Naruto,One Piece,My Hero Academia,DBZ
Tintin,Titeuf,Obelix,Naruto,Lucky-luck,,
Tintin,Titeuf,Obelix,Spirou,,,
Tintin,,,,,,
Obelix,Spirou,Lucky-luck,,,,
Naruto,One Piece,Hunter x hunter,,,,
One Piece,Attaque des titans,Bleach,,,,
One Piece,,,,,,
Obelix,Spirou,Lucky-luck,One Piece,,
Naruto,One Piece,Hunter x hunter,,,,
Naruto,One Piece,Hunter x hunter,Bleach,Death Note,DBZ,One punch Man
Tintin,Titeuf,Obelix,Naruto,Lucky-luck,,
Naruto,One Piece,Obelix,,,,
La Ballade de la mer salee,Pluto,Naruto,One Piece,Hunter x hunter,Obelix,
Naruto,One Piece,Attaque des titans,Bleach,Death Note,DBZ,Hunter x Hunter
Naruto,One Piece,My Hero Academia,Bleach,Death Note,DBZ,One punch Man
Naruto,One Piece,My Hero Academia,Bleach,Death Note,DBZ,One punch Man
Naruto,One Piece,Hunter x hunter,Bleach,Death Note,DBZ,One punch Man
Naruto,One Piece,Hunter x hunter,,,,
Tintin,Titeuf,Obelix,Spirou,Lucky-luck,La Ballade de la mer salee,Pluto
DBZ,One Piece,Hunter x hunter,Bleach,,,
Obelix,Spirou,Lucky-luck,One Piece,,
Obelix,Spirou,Lucky-luck,La Ballade de la mer salee,
Obelix,Spirou,Lucky-luck,Naruto,One Piece,My Hero Academia,DBZ
Obelix,Spirou,Lucky-luck,La Ballade de la mer salee,Pluto,,
Obelix,Spirou,Lucky-luck,Naruto,One Piece,My Hero Academia,DBZ
Tintin,Titeuf,Obelix,Naruto,Lucky-luck,,
Tintin,Titeuf,Obelix,Spirou,,,
Tintin,,,,,,
Obelix,Spirou,Lucky-luck,,,,
Naruto,One Piece,Hunter x hunter,,,,
One Piece,Attaque des titans,Bleach,,,,
One Piece,,,,,,
Obelix,Spirou,Lucky-luck,One Piece,,
Naruto,One Piece,Hunter x hunter,,,,
Naruto,One Piece,Hunter x hunter,Bleach,Death Note,DBZ,One punch Man
Tintin,Titeuf,Obelix,Naruto,Lucky-luck,,
Naruto,One Piece,Obelix,,,,
La Ballade de la mer salee,Pluto,Naruto,One Piece,Hunter x hunter,Obelix,
Naruto,One Piece,Attaque des titans,Bleach,Death Note,DBZ,Hunter x Hunter
Naruto,One Piece,My Hero Academia,Bleach,Death Note,DBZ,One punch Man
Naruto,One Piece,My Hero Academia,Bleach,Death Note,DBZ,One punch Man
Naruto,One Piece,Hunter x hunter,Bleach,Death Note,DBZ,One punch Man
Naruto,One Piece,Hunter x hunter,,,,
Tintin,Titeuf,Obelix,Spirou,Lucky-luck,La Ballade de la mer salee,Pluto
DBZ,One Piece,Hunter x hunter,Bleach,,,
Obelix,Spirou,Lucky-luck,One Piece,,
Obelix,Spirou,Lucky-luck,La Ballade de la mer salee,
Obelix,Spirou,Lucky-luck,Naruto,One Piece,My Hero Academia,DBZ
Obelix,Spirou,Lucky-luck,La Ballade de la mer salee,Pluto,,
Obelix,Spirou,Lucky-luck,Naruto,One Piece,My Hero Academia,DBZ
Tintin,Titeuf,Obelix,Naruto,Lucky-luck,,
Tintin,Titeuf,Obelix,Spirou,,,
Tintin,,,,,,
Obelix,Spirou,Lucky-luck,,,,
Naruto,One Piece,Hunter x hunter,,,,
One Piece,Attaque des titans,Bleach,,,,
One Piece,,,,,,
Obelix,Spirou,Lucky-luck,One Piece,,
Naruto,One Piece,Attaque des titans,Bleach,Death Note,DBZ,Hunter x Hunter
Naruto,One Piece,My Hero Academia,Bleach,Death Note,DBZ,One punch Man
Naruto,One Piece,My Hero Academia,Bleach,Death Note,DBZ,One punch Man
Naruto,One Piece,Hunter x hunter,Bleach,Death Note,DBZ,One punch Man
Naruto,One Piece,Hunter x hunter,,,,
Tintin,Titeuf,Obelix,Spirou,Lucky-luck,La Ballade de la mer salee,Pluto
DBZ,One Piece,Hunter x hunter,Bleach,,,
Obelix,Spirou,Lucky-luck,One Piece,,
Obelix,Spirou,Lucky-luck,La Ballade de la mer salee,
Obelix,Spirou,Lucky-luck,Naruto,One Piece,My Hero Academia,DBZ
Obelix,Spirou,Lucky-luck,La Ballade de la mer salee,Pluto,,
Obelix,Spirou,Lucky-luck,Naruto,One Piece,My Hero Academia,DBZ
Tintin,Titeuf,Obelix,Naruto,Lucky-luck,,
Tintin,Titeuf,Obelix,Spirou,,,
Tintin,,,,,,
Obelix,Spirou,Lucky-luck,,,,
Naruto,One Piece,Hunter x hunter,,,,
One Piece,Attaque des titans,Bleach,,,,
One Piece,,,,,,
Obelix,Spirou,Lucky-luck,One Piece,,
Naruto,One Piece,Attaque des titans,Bleach,Death Note,DBZ,Hunter x Hunter
Naruto,One Piece,My Hero Academia,Bleach,Death Note,DBZ,One punch Man
Naruto,One Piece,My Hero Academia,Bleach,Death Note,DBZ,One punch Man
Naruto,One Piece,Hunter x hunter,Bleach,Death Note,DBZ,One punch Man
Naruto,One Piece,Hunter x hunter,,,,
Tintin,Titeuf,Obelix,Spirou,Lucky-luck,La Ballade de la mer salee,Pluto
DBZ,One Piece,Hunter x hunter,Bleach,,,
Obelix,Spirou,Lucky-luck,One Piece,,
Obelix,Spirou,Lucky-luck,La Ballade de la mer salee,
Obelix,Spirou,Lucky-luck,Naruto,One Piece,My Hero Academia,DBZ
Obelix,Spirou,Lucky-luck,La Ballade de la mer salee,Pluto,,
Obelix,Spirou,Lucky-luck,Naruto,One Piece,My Hero Academia,DBZ
Tintin,Titeuf,Obelix,Naruto,Lucky-luck,,
Tintin,Titeuf,Obelix,Spirou,,,
Tintin,,,,,,
Obelix,Spirou,Lucky-luck,,,,
Naruto,One Piece,Hunter x hunter,,,,
One Piece,Attaque des titans,Bleach,,,,
One Piece,,,,,,
Obelix,Spirou,Lucky-luck,One Piece,,
Naruto,One Piece,Attaque des titans,Bleach,Death Note,DBZ,Hunter x Hunter
Naruto,One Piece,My Hero Academia,Bleach,Death Note,DBZ,One punch Man
Naruto,One Piece,My Hero Academia,Bleach,Death Note,DBZ,One punch Man
Naruto,One Piece,Hunter x hunter,Bleach,Death Note,DBZ,One punch Man
Naruto,One Piece,Hunter x hunter,,,,
Tintin,Titeuf,Obelix,Spirou,Lucky-luck,La Ballade de la mer salee,Pluto
DBZ,One Piece,Hunter x hunter,Bleach,,,
Obelix,Spirou,Lucky-luck,One Piece,,
Obelix,Spirou,Lucky-luck,La Ballade de la mer salee,
Obelix,Spirou,Lucky-luck,Naruto,One Piece,My Hero Academia,DBZ
Obelix,Spirou,Lucky-luck,La Ballade de la mer salee,Pluto,,
Obelix,Spirou,Lucky-luck,Naruto,One Piece,My Hero Academia,DBZ
Tintin,Titeuf,Obelix,Naruto,Lucky-luck,,
Tintin,Titeuf,Obelix,Spirou,,,
Tintin,,,,,,
Obelix,Spirou,Lucky-luck,,,,
Naruto,One Piece,Hunter x hunter,,,,
One Piece,Attaque des titans,Bleach,,,,
One Piece,,,,,,
Obelix,Spirou,Lucky-luck,One Piece,,
Naruto,One Piece,Attaque des titans,Bleach,Death Note,DBZ,Hunter x Hunter
Naruto,One Piece,My Hero Academia,Bleach,Death Note,DBZ,One punch Man
Naruto,One Piece,My Hero Academia,Bleach,Death Note,DBZ,One punch Man
Naruto,One Piece,Hunter x hunter,Bleach,Death Note,DBZ,One punch Man
Naruto,One Piece,Hunter x hunter,,,,
Tintin,Titeuf,Obelix,Spirou,Lucky-luck,La Ballade de la mer salee,Pluto
DBZ,One Piece,Hunter x hunter,Bleach,,,
Obelix,Spirou,Lucky-luck,One Piece,,
Obelix,Spirou,Lucky-luck,La Ballade de la mer salee,
Obelix,Spirou,Lucky-luck,Naruto,One Piece,My Hero Academia,DBZ
Obelix,Spirou,Lucky-luck,La Ballade de la mer salee,Pluto,,
Obelix,Spirou,Lucky-luck,Naruto,One Piece,My Hero Academia,DBZ
Tintin,Titeuf,Obelix,Naruto,Lucky-luck,,
Tintin,Titeuf,Obelix,Spirou,,,
Tintin,,,,,,
Obelix,Spirou,Lucky-luck,,,,
Naruto,One Piece,Hunter x hunter,,,,
One Piece,Attaque des titans,Bleach,,,,
One Piece,,,,,,
Obelix,Spirou,Lucky-luck,One Piece,,
Naruto,One Piece,Attaque des titans,Bleach,Death Note,DBZ,Hunter x Hunter
Naruto,One Piece,My Hero Academia,Bleach,Death Note,DBZ,One punch Man
Naruto,One Piece,My Hero Academia,Bleach,Death Note,DBZ,One punch Man
Naruto,One Piece,Hunter x hunter,Bleach,Death Note,DBZ,One punch Man
Naruto,One Piece,Hunter x hunter,,,,
Tintin,Titeuf,Obelix,Spirou,Lucky-luck,La Ballade de la mer salee,Pluto
DBZ,One Piece,Hunter x hunter,Bleach,,,
Obelix,Spirou,Lucky-luck,One Piece,,
Obelix,Spirou,Lucky-luck,La Ballade de la mer salee,
Obelix,Spirou,Lucky-luck,Naruto,One Piece,My Hero Academia,DBZ
Obelix,Spirou,Lucky-luck,La Ballade de la mer salee,Pluto,,
Obelix,Spirou,Lucky-luck,Naruto,One Piece,My Hero Academia,DBZ
Tintin,Titeuf,Obelix,Naruto,Lucky-luck,,
Tintin,Titeuf,Obelix,Spirou,,,
Tintin,,,,,,
Obelix,Spirou,Lucky-luck,,,,
Naruto,One Piece,Hunter x hunter,,,,
One Piece,Attaque des titans,Bleach,,,,
One Piece,,,,,,
Obelix,Spirou,Lucky-luck,One Piece,,
Naruto,One Piece,Attaque des titans,Bleach,Death Note,DBZ,Hunter x Hunter
Naruto,One Piece,My Hero Academia,Bleach,Death Note,DBZ,One punch Man
Naruto,One Piece,My Hero Academia,Bleach,Death Note,DBZ,One punch Man
Naruto,One Piece,Hunter x hunter,Bleach,Death Note,DBZ,One punch Man
Naruto,One Piece,Hunter x hunter,,,,
Tintin,Titeuf,Obelix,Spirou,Lucky-luck,La Ballade de la mer salee,Pluto
DBZ,One Piece,Hunter x hunter,Bleach,,,
Obelix,Spirou,Lucky-luck,One Piece,,
Obelix,Spirou,Lucky-luck,La Ballade de la mer salee,
Obelix,Spirou,Lucky-luck,Naruto,One Piece,My Hero Academia,DBZ
Obelix,Spirou,Lucky-luck,La Ballade de la mer salee,Pluto,,
Obelix,Spirou,Lucky-luck,Naruto,One Piece,My Hero Academia,DBZ
Tintin,Titeuf,Obelix,Naruto,Lucky-luck,,
Tintin,Titeuf,Obelix,Spirou,,,
Tintin,,,,,,
Obelix,Spirou,Lucky-luck,,,,
Naruto,One Piece,Hunter x hunter,,,,
One Piece,Attaque des titans,Bleach,,,,
One Piece,,,,,,
Obelix,Spirou,Lucky-luck,One Piece,,
Naruto,One Piece,Attaque des titans,Bleach,Death Note,DBZ,Hunter x Hunter
Naruto,One Piece,My Hero Academia,Bleach,Death Note,DBZ,One punch Man
Naruto,One Piece,My Hero Academia,Bleach,Death Note,DBZ,One punch Man
Naruto,One Piece,Hunter x hunter,Bleach,Death Note,DBZ,One punch Man
Naruto,One Piece,Hunter x hunter,,,,
Tintin,Titeuf,Obelix,Spirou,Lucky-luck,La Ballade de la mer salee,Pluto
DBZ,One Piece,Hunter x hunter,Bleach,,,
Obelix,Spirou,Lucky-luck,One Piece,,
Obelix,Spirou,Lucky-luck,La Ballade de la mer salee,
Obelix,Spirou,Lucky-luck,Naruto,One Piece,My Hero Academia,DBZ
Obelix,Spirou,Lucky-luck,La Ballade de la mer salee,Pluto,,
Obelix,Spirou,Lucky-luck,Naruto,One Piece,My Hero Academia,DBZ
Tintin,Titeuf,Obelix,Naruto,Lucky-luck,,
Tintin,Titeuf,Obelix,Spirou,,,
Tintin,,,,,,
Obelix,Spirou,Lucky-luck,,,,
Naruto,One Piece,Hunter x hunter,,,,
One Piece,Attaque des titans,Bleach,,,,
One Piece,,,,,,
Obelix,Spirou,Lucky-luck,One Piece,,
Naruto,One Piece,Attaque des titans,Bleach,Death Note,DBZ,Hunter x Hunter
Naruto,One Piece,My Hero Academia,Bleach,Death Note,DBZ,One punch Man
Naruto,One Piece,My Hero Academia,Bleach,Death Note,DBZ,One punch Man
Naruto,One Piece,Hunter x hunter,Bleach,Death Note,DBZ,One punch Man
Naruto,One Piece,Hunter x hunter,,,,
Tintin,Titeuf,Obelix,Spirou,Lucky-luck,La Ballade de la mer salee,Pluto
DBZ,One Piece,Hunter x hunter,Bleach,,,
Obelix,Spirou,Lucky-luck,One Piece,,
Obelix,Spirou,Lucky-luck,La Ballade de la mer salee,
Obelix,Spirou,Lucky-luck,Naruto,One Piece,My Hero Academia,DBZ
Obelix,Spirou,Lucky-luck,La Ballade de la mer salee,Pluto,,
Obelix,Spirou,Lucky-luck,Naruto,One Piece,My Hero Academia,DBZ
Tintin,Titeuf,Obelix,Naruto,Lucky-luck,,
Tintin,Titeuf,Obelix,Spirou,,,
Tintin,,,,,,
Obelix,Spirou,Lucky-luck,,,,
Naruto,One Piece,Hunter x hunter,,,,
One Piece,Attaque des titans,Bleach,,,,
One Piece,,,,,,
Obelix,Spirou,Lucky-luck,One Piece,,
Naruto,One Piece,Attaque des titans,Bleach,Death Note,DBZ,Hunter x Hunter
Naruto,One Piece,My Hero Academia,Bleach,Death Note,DBZ,One punch Man
Naruto,One Piece,My Hero Academia,Bleach,Death Note,DBZ,One punch Man
Naruto,One Piece,Hunter x hunter,Bleach,Death Note,DBZ,One punch Man
Naruto,One Piece,Hunter x hunter,,,,
Tintin,Titeuf,Obelix,Spirou,Lucky-luck,La Ballade de la mer salee,Pluto
DBZ,One Piece,Hunter x hunter,Bleach,,,
Obelix,Spirou,Lucky-luck,One Piece,,
Obelix,Spirou,Lucky-luck,La Ballade de la mer salee,
Obelix,Spirou,Lucky-luck,Naruto,One Piece,My Hero Academia,DBZ
Obelix,Spirou,Lucky-luck,La Ballade de la mer salee,Pluto,,
Obelix,Spirou,Lucky-luck,Naruto,One Piece,My Hero Academia,DBZ
Tintin,Titeuf,Obelix,Naruto,Lucky-luck,,
Tintin,Titeuf,Obelix,Spirou,,,
Tintin,,,,,,
Obelix,Spirou,Lucky-luck,,,,
Naruto,One Piece,Hunter x hunter,,,,
One Piece,Attaque des titans,Bleach,,,,
One Piece,,,,,,
Obelix,Spirou,Lucky-luck,One Piece,,
Naruto,One Piece,Attaque des titans,Bleach,Death Note,DBZ,Hunter x Hunter
Naruto,One Piece,My Hero Academia,Bleach,Death Note,DBZ,One punch Man
Naruto,One Piece,My Hero Academia,Bleach,Death Note,DBZ,One punch Man
Naruto,One Piece,Hunter x hunter,Bleach,Death Note,DBZ,One punch Man
Naruto,One Piece,Hunter x hunter,,,,
Tintin,Titeuf,Obelix,Spirou,Lucky-luck,La Ballade de la mer salee,Pluto
DBZ,One Piece,Hunter x hunter,Bleach,,,
Obelix,Spirou,Lucky-luck,One Piece,,
Obelix,Spirou,Lucky-luck,La Ballade de la mer salee,
Obelix,Spirou,Lucky-luck,Naruto,One Piece,My Hero Academia,DBZ
Obelix,Spirou,Lucky-luck,La Ballade de la mer salee,Pluto,,
Obelix,Spirou,Lucky-luck,Naruto,One Piece,My Hero Academia,DBZ
Tintin,Titeuf,Obelix,Naruto,Lucky-luck,,
Tintin,Titeuf,Obelix,Spirou,,,
Tintin,,,,,,
Obelix,Spirou,Lucky-luck,,,,
Naruto,One Piece,Hunter x hunter,,,,
One Piece,Attaque des titans,Bleach,,,,
One Piece,,,,,,
Obelix,Spirou,Lucky-luck,One Piece,,
Naruto,One Piece,Attaque des titans,Bleach,Death Note,DBZ,Hunter x Hunter
Naruto,One Piece,My Hero Academia,Bleach,Death Note,DBZ,One punch Man
Obelix,Spirou,Lucky-luck,,,,
Naruto,One Piece,Hunter x hunter,,,,
One Piece,Attaque des titans,Bleach,,,,
One Piece,,,,,,
Obelix,Spirou,Lucky-luck,One Piece,,
Naruto,One Piece,Attaque des titans,Bleach,Death Note,DBZ,Hunter x Hunter
Naruto,One Piece,My Hero Academia,Bleach,Death Note,DBZ,One punch Man
Obelix,Spirou,Lucky-luck,,,,
Naruto,One Piece,Hunter x hunter,,,,
One Piece,Attaque des titans,Bleach,,,,
One Piece,,,,,,
Obelix,Spirou,Lucky-luck,One Piece,,
Naruto,One Piece,Attaque des titans,Bleach,Death Note,DBZ,Hunter x Hunter
Naruto,One Piece,My Hero Academia,Bleach,Death Note,DBZ,One punch Man
Obelix,Spirou,Lucky-luck,,,,
Naruto,One Piece,Hunter x hunter,,,,
One Piece,Attaque des titans,Bleach,,,,
One Piece,,,,,,
One Piece,Death Note
